{
    "Ar36": {
        "error": 0.0006017049729241411, 
        "filter_outliers_dict": {
            "filter_outliers": true, 
            "iterations": 1, 
            "std_devs": 2
        }, 
        "fit": "Parabolic", 
        "value": 0.08299064358494147
    }, 
    "Ar37": {
        "error": 0.004842920879586525, 
        "filter_outliers_dict": {
            "filter_outliers": true, 
            "iterations": 1, 
            "std_devs": 2
        }, 
        "fit": "linear", 
        "value": 0.008596746494293359
    }, 
    "Ar38": {
        "error": 0.0028438277004207185, 
        "filter_outliers_dict": {
            "filter_outliers": true, 
            "iterations": 1, 
            "std_devs": 2
        }, 
        "fit": "linear", 
        "value": 2.6502361565553354
    }, 
    "Ar39": {
        "error": 0.022079406126670184, 
        "filter_outliers_dict": {
            "filter_outliers": true, 
            "iterations": 1, 
            "std_devs": 2
        }, 
        "fit": "Parabolic", 
        "value": 208.15612370142657
    }, 
    "Ar40": {
        "error": 0.08253952799927815, 
        "filter_outliers_dict": {
            "filter_outliers": true, 
            "iterations": 1, 
            "std_devs": 2
        }, 
        "fit": "Parabolic", 
        "value": 2592.809566048287
    }, 
    "Ar41": {
        "error": 0.0070469034961350195, 
        "filter_outliers_dict": {
            "filter_outliers": true, 
            "iterations": 1, 
            "std_devs": 2
        }, 
        "fit": "linear", 
        "value": 0.043904754821886716
    }
}