{
    "Ar36": {
        "error": 0.0001764103113292957, 
        "filter_outliers_dict": {
            "filter_outliers": true, 
            "iterations": 1, 
            "std_devs": 2
        }, 
        "fit": "Parabolic", 
        "value": 0.004695582827837007
    }, 
    "Ar37": {
        "error": 0.004868277440224653, 
        "filter_outliers_dict": {
            "filter_outliers": true, 
            "iterations": 1, 
            "std_devs": 2
        }, 
        "fit": "linear", 
        "value": 0.01031720737659016
    }, 
    "Ar38": {
        "error": 0.0020709007312578838, 
        "filter_outliers_dict": {
            "filter_outliers": true, 
            "iterations": 1, 
            "std_devs": 2
        }, 
        "fit": "linear", 
        "value": -0.010960247967261978
    }, 
    "Ar39": {
        "error": 0.008270639672370224, 
        "filter_outliers_dict": {
            "filter_outliers": true, 
            "iterations": 1, 
            "std_devs": 2
        }, 
        "fit": "Parabolic", 
        "value": -0.023174153407340373
    }, 
    "Ar40": {
        "error": 0.006700389898403248, 
        "filter_outliers_dict": {
            "filter_outliers": true, 
            "iterations": 1, 
            "std_devs": 2
        }, 
        "fit": "Parabolic", 
        "value": 0.16668067003742754
    }, 
    "Ar41": {
        "error": 0.005694662246612258, 
        "filter_outliers_dict": {
            "filter_outliers": true, 
            "iterations": 1, 
            "std_devs": 2
        }, 
        "fit": "linear", 
        "value": -0.1764896043108895
    }
}