{
    "Ar36": {
        "error": 0.00018427636710021837, 
        "filter_outliers_dict": {
            "filter_outliers": true, 
            "iterations": 1, 
            "std_devs": 2
        }, 
        "fit": "Parabolic", 
        "value": 0.004511307994884659
    }, 
    "Ar37": {
        "error": 0.005080724711389078, 
        "filter_outliers_dict": {
            "filter_outliers": true, 
            "iterations": 1, 
            "std_devs": 2
        }, 
        "fit": "linear", 
        "value": 0.009305350885192954
    }, 
    "Ar38": {
        "error": 0.002231557498832663, 
        "filter_outliers_dict": {
            "filter_outliers": true, 
            "iterations": 1, 
            "std_devs": 2
        }, 
        "fit": "linear", 
        "value": -0.012945947084199445
    }, 
    "Ar39": {
        "error": 0.008198639244066311, 
        "filter_outliers_dict": {
            "filter_outliers": true, 
            "iterations": 1, 
            "std_devs": 2
        }, 
        "fit": "Parabolic", 
        "value": -0.01356174419358741
    }, 
    "Ar40": {
        "error": 0.006989920515594067, 
        "filter_outliers_dict": {
            "filter_outliers": true, 
            "iterations": 1, 
            "std_devs": 2
        }, 
        "fit": "Parabolic", 
        "value": 0.2523296197182106
    }, 
    "Ar41": {
        "error": 0.0061949928937758535, 
        "filter_outliers_dict": {
            "filter_outliers": true, 
            "iterations": 1, 
            "std_devs": 2
        }, 
        "fit": "linear", 
        "value": -0.17154813983931813
    }
}