{
    "Ar36": {
        "error": 0.0001781611352621859, 
        "filter_outliers_dict": {
            "filter_outliers": true, 
            "iterations": 1, 
            "std_devs": 2
        }, 
        "fit": "Parabolic", 
        "value": 0.004643222214919834
    }, 
    "Ar37": {
        "error": 0.005092023583302673, 
        "filter_outliers_dict": {
            "filter_outliers": true, 
            "iterations": 1, 
            "std_devs": 2
        }, 
        "fit": "linear", 
        "value": 0.01708876268642072
    }, 
    "Ar38": {
        "error": 0.0023466537555944613, 
        "filter_outliers_dict": {
            "filter_outliers": true, 
            "iterations": 1, 
            "std_devs": 2
        }, 
        "fit": "linear", 
        "value": -0.004737279262104351
    }, 
    "Ar39": {
        "error": 0.008886099893108507, 
        "filter_outliers_dict": {
            "filter_outliers": true, 
            "iterations": 1, 
            "std_devs": 2
        }, 
        "fit": "Parabolic", 
        "value": -0.0265659251321916
    }, 
    "Ar40": {
        "error": 0.006717705132659736, 
        "filter_outliers_dict": {
            "filter_outliers": true, 
            "iterations": 1, 
            "std_devs": 2
        }, 
        "fit": "Parabolic", 
        "value": 0.23420514049595784
    }, 
    "Ar41": {
        "error": 0.006163082199544214, 
        "filter_outliers_dict": {
            "filter_outliers": true, 
            "iterations": 1, 
            "std_devs": 2
        }, 
        "fit": "linear", 
        "value": -0.17257637982724677
    }
}