{
    "Ar36": {
        "error": 0.0003485166610097324, 
        "filter_outliers_dict": {
            "filter_outliers": true, 
            "iterations": 1, 
            "std_devs": 2
        }, 
        "fit": "Parabolic", 
        "value": 0.029666009642428878
    }, 
    "Ar37": {
        "error": 0.004938846120723807, 
        "filter_outliers_dict": {
            "filter_outliers": true, 
            "iterations": 1, 
            "std_devs": 2
        }, 
        "fit": "linear", 
        "value": 0.14313696247489544
    }, 
    "Ar38": {
        "error": 0.0022327944113223683, 
        "filter_outliers_dict": {
            "filter_outliers": true, 
            "iterations": 1, 
            "std_devs": 2
        }, 
        "fit": "linear", 
        "value": 1.0300064461345237
    }, 
    "Ar39": {
        "error": 0.014418766595449757, 
        "filter_outliers_dict": {
            "filter_outliers": true, 
            "iterations": 1, 
            "std_devs": 2
        }, 
        "fit": "Parabolic", 
        "value": 79.76559190887798
    }, 
    "Ar40": {
        "error": 0.044230536500145225, 
        "filter_outliers_dict": {
            "filter_outliers": true, 
            "iterations": 1, 
            "std_devs": 2
        }, 
        "fit": "Parabolic", 
        "value": 989.7904658107493
    }, 
    "Ar41": {
        "error": 0.004959813335401065, 
        "filter_outliers_dict": {
            "filter_outliers": true, 
            "iterations": 1, 
            "std_devs": 2
        }, 
        "fit": "linear", 
        "value": 0.1308809152763895
    }
}