{
    "Ar36": {
        "error": 0.0004132040895881952, 
        "filter_outliers_dict": {
            "filter_outliers": true, 
            "iterations": 1, 
            "std_devs": 2
        }, 
        "fit": "Linear", 
        "value": 0.03175679134266457
    }, 
    "Ar37": {
        "error": 0.00906145780484613, 
        "filter_outliers_dict": {
            "filter_outliers": true, 
            "iterations": 1, 
            "std_devs": 2
        }, 
        "fit": "linear", 
        "value": 0.17644903237042986
    }, 
    "Ar38": {
        "error": 0.004528239528707638, 
        "filter_outliers_dict": {
            "filter_outliers": true, 
            "iterations": 1, 
            "std_devs": 2
        }, 
        "fit": "linear", 
        "value": 1.1223987705472578
    }, 
    "Ar39": {
        "error": 0.017385881170117662, 
        "filter_outliers_dict": {
            "filter_outliers": true, 
            "iterations": 1, 
            "std_devs": 2
        }, 
        "fit": "Linear", 
        "value": 83.94513906374806
    }, 
    "Ar40": {
        "error": 0.05342358376795633, 
        "filter_outliers_dict": {
            "filter_outliers": true, 
            "iterations": 1, 
            "std_devs": 2
        }, 
        "fit": "Linear", 
        "value": 1043.1509662474862
    }, 
    "Ar41": {
        "error": 0.0044616373689456154, 
        "filter_outliers_dict": {
            "filter_outliers": true, 
            "iterations": 1, 
            "std_devs": 2
        }, 
        "fit": "Average", 
        "value": 0.12872655758518234
    }
}