{
    "Ar36": {
        "error": 0.0003034136390901323, 
        "filter_outliers_dict": {
            "filter_outliers": true, 
            "iterations": 1, 
            "std_devs": 2
        }, 
        "fit": "Parabolic", 
        "value": 0.029798183895431256
    }, 
    "Ar37": {
        "error": 0.004997772699368328, 
        "filter_outliers_dict": {
            "filter_outliers": true, 
            "iterations": 1, 
            "std_devs": 2
        }, 
        "fit": "linear", 
        "value": 0.1623339054756306
    }, 
    "Ar38": {
        "error": 0.0023069416402549184, 
        "filter_outliers_dict": {
            "filter_outliers": true, 
            "iterations": 1, 
            "std_devs": 2
        }, 
        "fit": "linear", 
        "value": 1.067262177964055
    }, 
    "Ar39": {
        "error": 0.01514023404908626, 
        "filter_outliers_dict": {
            "filter_outliers": true, 
            "iterations": 1, 
            "std_devs": 2
        }, 
        "fit": "Parabolic", 
        "value": 80.00256369736373
    }, 
    "Ar40": {
        "error": 0.04614692079929299, 
        "filter_outliers_dict": {
            "filter_outliers": true, 
            "iterations": 1, 
            "std_devs": 2
        }, 
        "fit": "Parabolic", 
        "value": 992.8183091650793
    }, 
    "Ar41": {
        "error": 0.004853632892087872, 
        "filter_outliers_dict": {
            "filter_outliers": true, 
            "iterations": 1, 
            "std_devs": 2
        }, 
        "fit": "linear", 
        "value": 0.11429859276716352
    }
}