{
    "Ar36": {
        "error": 0.0003728924708964809, 
        "filter_outliers_dict": {
            "filter_outliers": true, 
            "iterations": 1, 
            "std_devs": 2
        }, 
        "fit": "Linear", 
        "value": 0.030686157650245103
    }, 
    "Ar37": {
        "error": 0.009922801272951217, 
        "filter_outliers_dict": {
            "filter_outliers": true, 
            "iterations": 1, 
            "std_devs": 2
        }, 
        "fit": "linear", 
        "value": 0.14687047959497632
    }, 
    "Ar38": {
        "error": 0.005003534927178707, 
        "filter_outliers_dict": {
            "filter_outliers": true, 
            "iterations": 1, 
            "std_devs": 2
        }, 
        "fit": "linear", 
        "value": 1.0835731721139386
    }, 
    "Ar39": {
        "error": 0.018348817096585247, 
        "filter_outliers_dict": {
            "filter_outliers": true, 
            "iterations": 1, 
            "std_devs": 2
        }, 
        "fit": "Linear", 
        "value": 81.23640598544944
    }, 
    "Ar40": {
        "error": 0.07306354474559487, 
        "filter_outliers_dict": {
            "filter_outliers": true, 
            "iterations": 1, 
            "std_devs": 2
        }, 
        "fit": "Linear", 
        "value": 1007.4346723345179
    }, 
    "Ar41": {
        "error": 0.005033618993420639, 
        "filter_outliers_dict": {
            "filter_outliers": true, 
            "iterations": 1, 
            "std_devs": 2
        }, 
        "fit": "Average", 
        "value": 0.12360022687034633
    }
}