{
    "Ar36": {
        "error": 0.00035165174752200336, 
        "filter_outliers_dict": {
            "filter_outliers": true, 
            "iterations": 1, 
            "std_devs": 2
        }, 
        "fit": "Parabolic", 
        "value": 0.029693741751716986
    }, 
    "Ar37": {
        "error": 0.004852710244780464, 
        "filter_outliers_dict": {
            "filter_outliers": true, 
            "iterations": 1, 
            "std_devs": 2
        }, 
        "fit": "linear", 
        "value": 0.1634853091110827
    }, 
    "Ar38": {
        "error": 0.0023662876367610513, 
        "filter_outliers_dict": {
            "filter_outliers": true, 
            "iterations": 1, 
            "std_devs": 2
        }, 
        "fit": "linear", 
        "value": 1.0645585699964402
    }, 
    "Ar39": {
        "error": 0.015139291527179811, 
        "filter_outliers_dict": {
            "filter_outliers": true, 
            "iterations": 1, 
            "std_devs": 2
        }, 
        "fit": "Parabolic", 
        "value": 79.49102366381071
    }, 
    "Ar40": {
        "error": 0.048603928755045996, 
        "filter_outliers_dict": {
            "filter_outliers": true, 
            "iterations": 1, 
            "std_devs": 2
        }, 
        "fit": "Parabolic", 
        "value": 987.2307378622991
    }, 
    "Ar41": {
        "error": 0.005274802821079838, 
        "filter_outliers_dict": {
            "filter_outliers": true, 
            "iterations": 1, 
            "std_devs": 2
        }, 
        "fit": "linear", 
        "value": 0.12531990250386818
    }
}