{
    "Ar36": {
        "error": 0.00034668759529239603, 
        "filter_outliers_dict": {
            "filter_outliers": true, 
            "iterations": 1, 
            "std_devs": 2
        }, 
        "fit": "Parabolic", 
        "value": 0.02974122416700745
    }, 
    "Ar37": {
        "error": 0.004780506248226115, 
        "filter_outliers_dict": {
            "filter_outliers": true, 
            "iterations": 1, 
            "std_devs": 2
        }, 
        "fit": "linear", 
        "value": 0.1714270679500331
    }, 
    "Ar38": {
        "error": 0.002425944146242084, 
        "filter_outliers_dict": {
            "filter_outliers": true, 
            "iterations": 1, 
            "std_devs": 2
        }, 
        "fit": "linear", 
        "value": 1.046235855189792
    }, 
    "Ar39": {
        "error": 0.014726192248473657, 
        "filter_outliers_dict": {
            "filter_outliers": true, 
            "iterations": 1, 
            "std_devs": 2
        }, 
        "fit": "Parabolic", 
        "value": 78.76120654484373
    }, 
    "Ar40": {
        "error": 0.04711561342846311, 
        "filter_outliers_dict": {
            "filter_outliers": true, 
            "iterations": 1, 
            "std_devs": 2
        }, 
        "fit": "Parabolic", 
        "value": 975.1476325673709
    }, 
    "Ar41": {
        "error": 0.0053276055798629415, 
        "filter_outliers_dict": {
            "filter_outliers": true, 
            "iterations": 1, 
            "std_devs": 2
        }, 
        "fit": "linear", 
        "value": 0.11958710433103284
    }
}