{
    "Ar36": {
        "error": 0.0003809768104913232, 
        "filter_outliers_dict": {
            "filter_outliers": true, 
            "iterations": 1, 
            "std_devs": 2
        }, 
        "fit": "Parabolic", 
        "value": 0.038564243714277115
    }, 
    "Ar37": {
        "error": 0.005147951611163727, 
        "filter_outliers_dict": {
            "filter_outliers": true, 
            "iterations": 1, 
            "std_devs": 2
        }, 
        "fit": "linear", 
        "value": 0.022399392427698655
    }, 
    "Ar38": {
        "error": 0.002065445667766387, 
        "filter_outliers_dict": {
            "filter_outliers": true, 
            "iterations": 1, 
            "std_devs": 2
        }, 
        "fit": "linear", 
        "value": 0.727062881925998
    }, 
    "Ar39": {
        "error": 0.013401877000875783, 
        "filter_outliers_dict": {
            "filter_outliers": true, 
            "iterations": 1, 
            "std_devs": 2
        }, 
        "fit": "Parabolic", 
        "value": 69.57083028359773
    }, 
    "Ar40": {
        "error": 0.03872390334411009, 
        "filter_outliers_dict": {
            "filter_outliers": true, 
            "iterations": 1, 
            "std_devs": 2
        }, 
        "fit": "Parabolic", 
        "value": 864.6417262468947
    }, 
    "Ar41": {
        "error": 0.005408713562462389, 
        "filter_outliers_dict": {
            "filter_outliers": true, 
            "iterations": 1, 
            "std_devs": 2
        }, 
        "fit": "linear", 
        "value": 0.20656434631905715
    }
}