{
    "Ar36": {
        "error": 0.0005290356687700303, 
        "filter_outliers_dict": {
            "filter_outliers": true, 
            "iterations": 1, 
            "std_devs": 2
        }, 
        "fit": "Linear", 
        "value": 0.04623076910215851
    }, 
    "Ar37": {
        "error": 0.012122519519882479, 
        "filter_outliers_dict": {
            "filter_outliers": true, 
            "iterations": 1, 
            "std_devs": 2
        }, 
        "fit": "linear", 
        "value": 0.14928059467017046
    }, 
    "Ar38": {
        "error": 0.004100852549914006, 
        "filter_outliers_dict": {
            "filter_outliers": true, 
            "iterations": 1, 
            "std_devs": 2
        }, 
        "fit": "linear", 
        "value": 1.000400022929156
    }, 
    "Ar39": {
        "error": 0.019784392237063384, 
        "filter_outliers_dict": {
            "filter_outliers": true, 
            "iterations": 1, 
            "std_devs": 2
        }, 
        "fit": "Linear", 
        "value": 73.14006044703743
    }, 
    "Ar40": {
        "error": 0.04891319037223947, 
        "filter_outliers_dict": {
            "filter_outliers": true, 
            "iterations": 1, 
            "std_devs": 2
        }, 
        "fit": "Linear", 
        "value": 907.7096164390694
    }, 
    "Ar41": {
        "error": 0.005278079662129129, 
        "filter_outliers_dict": {
            "filter_outliers": true, 
            "iterations": 1, 
            "std_devs": 2
        }, 
        "fit": "Average", 
        "value": 0.22884923653722686
    }
}