{
    "Ar36": {
        "error": 0.00035144358808266146, 
        "filter_outliers_dict": {
            "filter_outliers": true, 
            "iterations": 1, 
            "std_devs": 2
        }, 
        "fit": "Parabolic", 
        "value": 0.0335359575682138
    }, 
    "Ar37": {
        "error": 0.004570268318470971, 
        "filter_outliers_dict": {
            "filter_outliers": true, 
            "iterations": 1, 
            "std_devs": 2
        }, 
        "fit": "linear", 
        "value": 0.008455316603580043
    }, 
    "Ar38": {
        "error": 0.0021604507563094903, 
        "filter_outliers_dict": {
            "filter_outliers": true, 
            "iterations": 1, 
            "std_devs": 2
        }, 
        "fit": "linear", 
        "value": 0.8979710519830528
    }, 
    "Ar39": {
        "error": 0.013479470332350085, 
        "filter_outliers_dict": {
            "filter_outliers": true, 
            "iterations": 1, 
            "std_devs": 2
        }, 
        "fit": "Parabolic", 
        "value": 69.40631751965691
    }, 
    "Ar40": {
        "error": 0.040669923257559255, 
        "filter_outliers_dict": {
            "filter_outliers": true, 
            "iterations": 1, 
            "std_devs": 2
        }, 
        "fit": "Parabolic", 
        "value": 864.1417601584791
    }, 
    "Ar41": {
        "error": 0.006144161781993382, 
        "filter_outliers_dict": {
            "filter_outliers": true, 
            "iterations": 1, 
            "std_devs": 2
        }, 
        "fit": "linear", 
        "value": -0.024828164605071028
    }
}