{
    "Ar36": {
        "error": 0.0005009024406358514, 
        "filter_outliers_dict": {
            "filter_outliers": true, 
            "iterations": 1, 
            "std_devs": 2
        }, 
        "fit": "Linear", 
        "value": 0.03433189306582856
    }, 
    "Ar37": {
        "error": 0.009866975728885759, 
        "filter_outliers_dict": {
            "filter_outliers": true, 
            "iterations": 1, 
            "std_devs": 2
        }, 
        "fit": "linear", 
        "value": 0.00760553382300691
    }, 
    "Ar38": {
        "error": 0.004865309844237699, 
        "filter_outliers_dict": {
            "filter_outliers": true, 
            "iterations": 1, 
            "std_devs": 2
        }, 
        "fit": "linear", 
        "value": 0.9132983672396453
    }, 
    "Ar39": {
        "error": 0.016987526738035143, 
        "filter_outliers_dict": {
            "filter_outliers": true, 
            "iterations": 1, 
            "std_devs": 2
        }, 
        "fit": "Linear", 
        "value": 69.78798235458603
    }, 
    "Ar40": {
        "error": 0.055036690641574126, 
        "filter_outliers_dict": {
            "filter_outliers": true, 
            "iterations": 1, 
            "std_devs": 2
        }, 
        "fit": "Linear", 
        "value": 865.6487989288319
    }, 
    "Ar41": {
        "error": 0.005173698495511201, 
        "filter_outliers_dict": {
            "filter_outliers": true, 
            "iterations": 1, 
            "std_devs": 2
        }, 
        "fit": "Average", 
        "value": -0.04234334162283065
    }
}