{
    "Ar36": {
        "error": 0.0003679913767517158, 
        "filter_outliers_dict": {
            "filter_outliers": true, 
            "iterations": 1, 
            "std_devs": 2
        }, 
        "fit": "Parabolic", 
        "value": 0.034255784851557156
    }, 
    "Ar37": {
        "error": 0.005815775079713397, 
        "filter_outliers_dict": {
            "filter_outliers": true, 
            "iterations": 1, 
            "std_devs": 2
        }, 
        "fit": "linear", 
        "value": 0.011718718598360843
    }, 
    "Ar38": {
        "error": 0.0020881121891906432, 
        "filter_outliers_dict": {
            "filter_outliers": true, 
            "iterations": 1, 
            "std_devs": 2
        }, 
        "fit": "linear", 
        "value": 0.8768727475563973
    }, 
    "Ar39": {
        "error": 0.013768935653479395, 
        "filter_outliers_dict": {
            "filter_outliers": true, 
            "iterations": 1, 
            "std_devs": 2
        }, 
        "fit": "Parabolic", 
        "value": 69.96855647558833
    }, 
    "Ar40": {
        "error": 0.04247852836625976, 
        "filter_outliers_dict": {
            "filter_outliers": true, 
            "iterations": 1, 
            "std_devs": 2
        }, 
        "fit": "Parabolic", 
        "value": 867.3355781159042
    }, 
    "Ar41": {
        "error": 0.006904155710051932, 
        "filter_outliers_dict": {
            "filter_outliers": true, 
            "iterations": 1, 
            "std_devs": 2
        }, 
        "fit": "linear", 
        "value": -0.06322486883252408
    }
}