{
    "Ar36": {
        "error": 0.0016350476694995206, 
        "filter_outliers_dict": {
            "filter_outliers": true, 
            "iterations": 1, 
            "std_devs": 2
        }, 
        "fit": "Parabolic", 
        "value": 0.6850175452584121
    }, 
    "Ar37": {
        "error": 0.00725606049366606, 
        "filter_outliers_dict": {
            "filter_outliers": true, 
            "iterations": 1, 
            "std_devs": 2
        }, 
        "fit": "linear", 
        "value": 30.707357363464453
    }, 
    "Ar38": {
        "error": 0.002263697487968508, 
        "filter_outliers_dict": {
            "filter_outliers": true, 
            "iterations": 1, 
            "std_devs": 2
        }, 
        "fit": "linear", 
        "value": 1.5628048960820131
    }, 
    "Ar39": {
        "error": 0.016254614939015127, 
        "filter_outliers_dict": {
            "filter_outliers": true, 
            "iterations": 1, 
            "std_devs": 2
        }, 
        "fit": "Parabolic", 
        "value": 99.7038327495208
    }, 
    "Ar40": {
        "error": 0.06742805318213549, 
        "filter_outliers_dict": {
            "filter_outliers": true, 
            "iterations": 1, 
            "std_devs": 2
        }, 
        "fit": "Parabolic", 
        "value": 1964.7814171207988
    }, 
    "Ar41": {
        "error": 0.006543458978059584, 
        "filter_outliers_dict": {
            "filter_outliers": true, 
            "iterations": 1, 
            "std_devs": 2
        }, 
        "fit": "linear", 
        "value": 0.06877094395379454
    }
}