{
    "Ar36": {
        "error": 0.0003455021630830417, 
        "filter_outliers_dict": {
            "filter_outliers": true, 
            "iterations": 1, 
            "std_devs": 2
        }, 
        "fit": "Parabolic", 
        "value": 0.03331222784390309
    }, 
    "Ar37": {
        "error": 0.0049753480539226945, 
        "filter_outliers_dict": {
            "filter_outliers": true, 
            "iterations": 1, 
            "std_devs": 2
        }, 
        "fit": "linear", 
        "value": 0.011911177770681885
    }, 
    "Ar38": {
        "error": 0.002122761756074034, 
        "filter_outliers_dict": {
            "filter_outliers": true, 
            "iterations": 1, 
            "std_devs": 2
        }, 
        "fit": "linear", 
        "value": 0.8762907367685607
    }, 
    "Ar39": {
        "error": 0.014072215972383471, 
        "filter_outliers_dict": {
            "filter_outliers": true, 
            "iterations": 1, 
            "std_devs": 2
        }, 
        "fit": "Parabolic", 
        "value": 69.41206876153147
    }, 
    "Ar40": {
        "error": 0.036465419600948464, 
        "filter_outliers_dict": {
            "filter_outliers": true, 
            "iterations": 1, 
            "std_devs": 2
        }, 
        "fit": "Parabolic", 
        "value": 865.0127042776094
    }, 
    "Ar41": {
        "error": 0.006314126813874466, 
        "filter_outliers_dict": {
            "filter_outliers": true, 
            "iterations": 1, 
            "std_devs": 2
        }, 
        "fit": "linear", 
        "value": -0.10299735014721631
    }
}