{
    "Ar36": {
        "error": 0.0003537398256776709, 
        "filter_outliers_dict": {
            "filter_outliers": true, 
            "iterations": 1, 
            "std_devs": 2
        }, 
        "fit": "Parabolic", 
        "value": 0.030026771958210796
    }, 
    "Ar37": {
        "error": 0.0047556325000641135, 
        "filter_outliers_dict": {
            "filter_outliers": true, 
            "iterations": 1, 
            "std_devs": 2
        }, 
        "fit": "linear", 
        "value": 0.017020810064775717
    }, 
    "Ar38": {
        "error": 0.0021247231324935203, 
        "filter_outliers_dict": {
            "filter_outliers": true, 
            "iterations": 1, 
            "std_devs": 2
        }, 
        "fit": "linear", 
        "value": 0.8774915820623428
    }, 
    "Ar39": {
        "error": 0.013024507950316575, 
        "filter_outliers_dict": {
            "filter_outliers": true, 
            "iterations": 1, 
            "std_devs": 2
        }, 
        "fit": "Parabolic", 
        "value": 68.67610692403056
    }, 
    "Ar40": {
        "error": 0.036801787131498495, 
        "filter_outliers_dict": {
            "filter_outliers": true, 
            "iterations": 1, 
            "std_devs": 2
        }, 
        "fit": "Parabolic", 
        "value": 854.7306003685014
    }, 
    "Ar41": {
        "error": 0.006334986957565986, 
        "filter_outliers_dict": {
            "filter_outliers": true, 
            "iterations": 1, 
            "std_devs": 2
        }, 
        "fit": "linear", 
        "value": -0.12090104719273428
    }
}