{
    "Ar36": {
        "error": 0.00032566632598703284, 
        "filter_outliers_dict": {
            "filter_outliers": true, 
            "iterations": 1, 
            "std_devs": 2
        }, 
        "fit": "Parabolic", 
        "value": 0.02943330808949709
    }, 
    "Ar37": {
        "error": 0.004680125112365589, 
        "filter_outliers_dict": {
            "filter_outliers": true, 
            "iterations": 1, 
            "std_devs": 2
        }, 
        "fit": "linear", 
        "value": 0.015739496577542093
    }, 
    "Ar38": {
        "error": 0.0022039194926159467, 
        "filter_outliers_dict": {
            "filter_outliers": true, 
            "iterations": 1, 
            "std_devs": 2
        }, 
        "fit": "linear", 
        "value": 0.8833247415752874
    }, 
    "Ar39": {
        "error": 0.012780035216597334, 
        "filter_outliers_dict": {
            "filter_outliers": true, 
            "iterations": 1, 
            "std_devs": 2
        }, 
        "fit": "Parabolic", 
        "value": 68.82414718851837
    }, 
    "Ar40": {
        "error": 0.038227719054371376, 
        "filter_outliers_dict": {
            "filter_outliers": true, 
            "iterations": 1, 
            "std_devs": 2
        }, 
        "fit": "Parabolic", 
        "value": 856.1015680887887
    }, 
    "Ar41": {
        "error": 0.006143617305128889, 
        "filter_outliers_dict": {
            "filter_outliers": true, 
            "iterations": 1, 
            "std_devs": 2
        }, 
        "fit": "linear", 
        "value": -0.14347388838207006
    }
}