{
    "Ar36": {
        "error": 0.0003372742012047371, 
        "filter_outliers_dict": {
            "filter_outliers": true, 
            "iterations": 1, 
            "std_devs": 2
        }, 
        "fit": "Parabolic", 
        "value": 0.029763266538252592
    }, 
    "Ar37": {
        "error": 0.004842478169318022, 
        "filter_outliers_dict": {
            "filter_outliers": true, 
            "iterations": 1, 
            "std_devs": 2
        }, 
        "fit": "linear", 
        "value": 0.013044673399712615
    }, 
    "Ar38": {
        "error": 0.0022409924803794457, 
        "filter_outliers_dict": {
            "filter_outliers": true, 
            "iterations": 1, 
            "std_devs": 2
        }, 
        "fit": "linear", 
        "value": 0.8777719886753039
    }, 
    "Ar39": {
        "error": 0.013766785525314417, 
        "filter_outliers_dict": {
            "filter_outliers": true, 
            "iterations": 1, 
            "std_devs": 2
        }, 
        "fit": "Parabolic", 
        "value": 68.67094382580831
    }, 
    "Ar40": {
        "error": 0.03816696060733139, 
        "filter_outliers_dict": {
            "filter_outliers": true, 
            "iterations": 1, 
            "std_devs": 2
        }, 
        "fit": "Parabolic", 
        "value": 855.618871245365
    }, 
    "Ar41": {
        "error": 0.006072709498442594, 
        "filter_outliers_dict": {
            "filter_outliers": true, 
            "iterations": 1, 
            "std_devs": 2
        }, 
        "fit": "linear", 
        "value": -0.14670289102019313
    }
}