{
    "Ar36": {
        "error": 0.00033510011032824455, 
        "filter_outliers_dict": {
            "filter_outliers": true, 
            "iterations": 1, 
            "std_devs": 2
        }, 
        "fit": "Parabolic", 
        "value": 0.030065986268119186
    }, 
    "Ar37": {
        "error": 0.004725034614192976, 
        "filter_outliers_dict": {
            "filter_outliers": true, 
            "iterations": 1, 
            "std_devs": 2
        }, 
        "fit": "linear", 
        "value": 0.020618072122104376
    }, 
    "Ar38": {
        "error": 0.00223303750586218, 
        "filter_outliers_dict": {
            "filter_outliers": true, 
            "iterations": 1, 
            "std_devs": 2
        }, 
        "fit": "linear", 
        "value": 0.8776179812176426
    }, 
    "Ar39": {
        "error": 0.01397387905534124, 
        "filter_outliers_dict": {
            "filter_outliers": true, 
            "iterations": 1, 
            "std_devs": 2
        }, 
        "fit": "Parabolic", 
        "value": 68.90139639139177
    }, 
    "Ar40": {
        "error": 0.03932037049699001, 
        "filter_outliers_dict": {
            "filter_outliers": true, 
            "iterations": 1, 
            "std_devs": 2
        }, 
        "fit": "Parabolic", 
        "value": 856.723575696655
    }, 
    "Ar41": {
        "error": 0.005820646651113454, 
        "filter_outliers_dict": {
            "filter_outliers": true, 
            "iterations": 1, 
            "std_devs": 2
        }, 
        "fit": "linear", 
        "value": -0.1274617799639068
    }
}