{
    "Ar36": {
        "error": 0.0004362510466605053, 
        "filter_outliers_dict": {
            "filter_outliers": true, 
            "iterations": 1, 
            "std_devs": 2
        }, 
        "fit": "Linear", 
        "value": 0.028684869955647202
    }, 
    "Ar37": {
        "error": 0.0093428029382438, 
        "filter_outliers_dict": {
            "filter_outliers": true, 
            "iterations": 1, 
            "std_devs": 2
        }, 
        "fit": "linear", 
        "value": 0.017074694299759774
    }, 
    "Ar38": {
        "error": 0.004697852451866765, 
        "filter_outliers_dict": {
            "filter_outliers": true, 
            "iterations": 1, 
            "std_devs": 2
        }, 
        "fit": "linear", 
        "value": 0.8786105650705271
    }, 
    "Ar39": {
        "error": 0.018571210293165653, 
        "filter_outliers_dict": {
            "filter_outliers": true, 
            "iterations": 1, 
            "std_devs": 2
        }, 
        "fit": "Linear", 
        "value": 67.7716661622839
    }, 
    "Ar40": {
        "error": 0.05556159449573997, 
        "filter_outliers_dict": {
            "filter_outliers": true, 
            "iterations": 1, 
            "std_devs": 2
        }, 
        "fit": "Linear", 
        "value": 844.0575554938271
    }, 
    "Ar41": {
        "error": 0.006090814254257352, 
        "filter_outliers_dict": {
            "filter_outliers": true, 
            "iterations": 1, 
            "std_devs": 2
        }, 
        "fit": "Average", 
        "value": -0.1360123497347543
    }
}