{
    "Ar36": {
        "error": 0.00043055328730971884, 
        "filter_outliers_dict": {
            "filter_outliers": true, 
            "iterations": 1, 
            "std_devs": 2
        }, 
        "fit": "Linear", 
        "value": 0.029051830269806643
    }, 
    "Ar37": {
        "error": 0.010251083993142769, 
        "filter_outliers_dict": {
            "filter_outliers": true, 
            "iterations": 1, 
            "std_devs": 2
        }, 
        "fit": "linear", 
        "value": 0.0035346277413153444
    }, 
    "Ar38": {
        "error": 0.005192208832450093, 
        "filter_outliers_dict": {
            "filter_outliers": true, 
            "iterations": 1, 
            "std_devs": 2
        }, 
        "fit": "linear", 
        "value": 0.8685457498778921
    }, 
    "Ar39": {
        "error": 0.017643876509575662, 
        "filter_outliers_dict": {
            "filter_outliers": true, 
            "iterations": 1, 
            "std_devs": 2
        }, 
        "fit": "Linear", 
        "value": 67.5438506403202
    }, 
    "Ar40": {
        "error": 0.05445029089096923, 
        "filter_outliers_dict": {
            "filter_outliers": true, 
            "iterations": 1, 
            "std_devs": 2
        }, 
        "fit": "Linear", 
        "value": 839.8997287391776
    }, 
    "Ar41": {
        "error": 0.006071584032040698, 
        "filter_outliers_dict": {
            "filter_outliers": true, 
            "iterations": 1, 
            "std_devs": 2
        }, 
        "fit": "Average", 
        "value": -0.14172192368912245
    }
}