{
    "Ar36": {
        "error": 0.00040531805127121226, 
        "filter_outliers_dict": {
            "filter_outliers": true, 
            "iterations": 1, 
            "std_devs": 2
        }, 
        "fit": "Linear", 
        "value": 0.029840830978443464
    }, 
    "Ar37": {
        "error": 0.010044691954379417, 
        "filter_outliers_dict": {
            "filter_outliers": true, 
            "iterations": 1, 
            "std_devs": 2
        }, 
        "fit": "linear", 
        "value": 0.008820760551838489
    }, 
    "Ar38": {
        "error": 0.0038794744741744783, 
        "filter_outliers_dict": {
            "filter_outliers": true, 
            "iterations": 1, 
            "std_devs": 2
        }, 
        "fit": "linear", 
        "value": 0.877123026894993
    }, 
    "Ar39": {
        "error": 0.016930621168959888, 
        "filter_outliers_dict": {
            "filter_outliers": true, 
            "iterations": 1, 
            "std_devs": 2
        }, 
        "fit": "Linear", 
        "value": 67.57515252681958
    }, 
    "Ar40": {
        "error": 0.04308740909638828, 
        "filter_outliers_dict": {
            "filter_outliers": true, 
            "iterations": 1, 
            "std_devs": 2
        }, 
        "fit": "Linear", 
        "value": 841.0608251293739
    }, 
    "Ar41": {
        "error": 0.005019659639625101, 
        "filter_outliers_dict": {
            "filter_outliers": true, 
            "iterations": 1, 
            "std_devs": 2
        }, 
        "fit": "Average", 
        "value": -0.15330716196248625
    }
}