{
    "Ar36": {
        "error": 0.00034259903413802245, 
        "filter_outliers_dict": {
            "filter_outliers": true, 
            "iterations": 1, 
            "std_devs": 2
        }, 
        "fit": "Parabolic", 
        "value": 0.0283719779924172
    }, 
    "Ar37": {
        "error": 0.004878316996140656, 
        "filter_outliers_dict": {
            "filter_outliers": true, 
            "iterations": 1, 
            "std_devs": 2
        }, 
        "fit": "linear", 
        "value": -0.015344537696336813
    }, 
    "Ar38": {
        "error": 0.0021704332467736716, 
        "filter_outliers_dict": {
            "filter_outliers": true, 
            "iterations": 1, 
            "std_devs": 2
        }, 
        "fit": "linear", 
        "value": 0.8650665089645325
    }, 
    "Ar39": {
        "error": 0.01365952399551097, 
        "filter_outliers_dict": {
            "filter_outliers": true, 
            "iterations": 1, 
            "std_devs": 2
        }, 
        "fit": "Parabolic", 
        "value": 67.16998984011101
    }, 
    "Ar40": {
        "error": 0.03541024032495438, 
        "filter_outliers_dict": {
            "filter_outliers": true, 
            "iterations": 1, 
            "std_devs": 2
        }, 
        "fit": "Parabolic", 
        "value": 837.2135759744846
    }, 
    "PM41": {
        "error": 0.058013163385007366, 
        "filter_outliers_dict": {
            "filter_outliers": false, 
            "iterations": 1, 
            "std_devs": 2
        }, 
        "fit": "linear", 
        "value": -0.11689674885555962
    }
}