{
    "Ar36": {
        "error": 0.0003937912400317507, 
        "filter_outliers_dict": {
            "filter_outliers": true, 
            "iterations": 1, 
            "std_devs": 2
        }, 
        "fit": "Linear", 
        "value": 0.02788377716740501
    }, 
    "Ar37": {
        "error": 0.010676171319581594, 
        "filter_outliers_dict": {
            "filter_outliers": true, 
            "iterations": 1, 
            "std_devs": 2
        }, 
        "fit": "linear", 
        "value": 0.014776194457145087
    }, 
    "Ar38": {
        "error": 0.004372481404171287, 
        "filter_outliers_dict": {
            "filter_outliers": true, 
            "iterations": 1, 
            "std_devs": 2
        }, 
        "fit": "linear", 
        "value": 0.8539052190412331
    }, 
    "Ar39": {
        "error": 0.017495675415752223, 
        "filter_outliers_dict": {
            "filter_outliers": true, 
            "iterations": 1, 
            "std_devs": 2
        }, 
        "fit": "Linear", 
        "value": 67.01264677226935
    }, 
    "Ar40": {
        "error": 0.05084570505740011, 
        "filter_outliers_dict": {
            "filter_outliers": true, 
            "iterations": 1, 
            "std_devs": 2
        }, 
        "fit": "Linear", 
        "value": 833.7545294745844
    }, 
    "PM41": {
        "error": 0.06436255113290926, 
        "filter_outliers_dict": {
            "filter_outliers": false, 
            "iterations": 1, 
            "std_devs": 2
        }, 
        "fit": "linear", 
        "value": -0.13378172053497206
    }
}