{
    "Ar36": {
        "error": 0.00040863448144017067, 
        "filter_outliers_dict": {
            "filter_outliers": true, 
            "iterations": 1, 
            "std_devs": 2
        }, 
        "fit": "Linear", 
        "value": 0.028296341789786045
    }, 
    "Ar37": {
        "error": 0.010878452427973157, 
        "filter_outliers_dict": {
            "filter_outliers": true, 
            "iterations": 1, 
            "std_devs": 2
        }, 
        "fit": "linear", 
        "value": 0.01812044780329469
    }, 
    "Ar38": {
        "error": 0.003981856765170066, 
        "filter_outliers_dict": {
            "filter_outliers": true, 
            "iterations": 1, 
            "std_devs": 2
        }, 
        "fit": "linear", 
        "value": 0.8607614120709826
    }, 
    "Ar39": {
        "error": 0.01735699573902289, 
        "filter_outliers_dict": {
            "filter_outliers": true, 
            "iterations": 1, 
            "std_devs": 2
        }, 
        "fit": "Linear", 
        "value": 67.26433153060393
    }, 
    "Ar40": {
        "error": 0.046423239466491226, 
        "filter_outliers_dict": {
            "filter_outliers": true, 
            "iterations": 1, 
            "std_devs": 2
        }, 
        "fit": "Linear", 
        "value": 837.1277279165408
    }, 
    "PM41": {
        "error": 0.06552920426672748, 
        "filter_outliers_dict": {
            "filter_outliers": false, 
            "iterations": 1, 
            "std_devs": 2
        }, 
        "fit": "linear", 
        "value": -0.16537429079377658
    }
}