{
    "Ar36": {
        "error": 0.0004708815395081535, 
        "filter_outliers_dict": {
            "filter_outliers": true, 
            "iterations": 1, 
            "std_devs": 2
        }, 
        "fit": "Linear", 
        "value": 0.029414136533877526
    }, 
    "Ar37": {
        "error": 0.008797497659422502, 
        "filter_outliers_dict": {
            "filter_outliers": true, 
            "iterations": 1, 
            "std_devs": 2
        }, 
        "fit": "linear", 
        "value": 0.02165291377172429
    }, 
    "Ar38": {
        "error": 0.004742908669291369, 
        "filter_outliers_dict": {
            "filter_outliers": true, 
            "iterations": 1, 
            "std_devs": 2
        }, 
        "fit": "linear", 
        "value": 0.8706420925658609
    }, 
    "Ar39": {
        "error": 0.014788527605567729, 
        "filter_outliers_dict": {
            "filter_outliers": true, 
            "iterations": 1, 
            "std_devs": 2
        }, 
        "fit": "Linear", 
        "value": 67.21974521191501
    }, 
    "Ar40": {
        "error": 0.046394580534475684, 
        "filter_outliers_dict": {
            "filter_outliers": true, 
            "iterations": 1, 
            "std_devs": 2
        }, 
        "fit": "Linear", 
        "value": 835.8396587847354
    }, 
    "PM41": {
        "error": 0.06594582779931453, 
        "filter_outliers_dict": {
            "filter_outliers": false, 
            "iterations": 1, 
            "std_devs": 2
        }, 
        "fit": "linear", 
        "value": -0.16457786473570818
    }
}